Country,Year,"Inflation, Consumer Prices (Annual %)",Human Capital Index,GDP Growth (Annual %),GDP per Capita (Current US$),GNI per capita (Current US$),Unemployment Rate (Total % of Total Labor Force),Total Population
AND,YR2003,,,8.69420371612468,31954.1617868177,,,73907.0
AND,YR2004,,,8.13567633837351,37630.7642639554,,,76933.0
AND,YR2005,,,5.39779598500422,39583.9311942065,,,79826.0
AND,YR2006,,,4.80868869916921,43084.283724089,,,80221.0
AND,YR2007,,,1.55318814103222,50562.8266054777,,,78168.0
AND,YR2008,,,-5.55918636850581,53721.3885067173,,,76055.0
AND,YR2009,,,-5.30284654348291,49750.7185512247,,,73852.0
AND,YR2010,,,-1.97495799965345,48237.8905407208,,,71519.0
AND,YR2011,,,-0.00806975341139093,51428.1896998835,,,70567.0
AND,YR2012,,,-4.97444371853503,44902.38771225,,,71013.0
AND,YR2013,,,-3.54759651549344,44747.7611562684,,,71367.0
AND,YR2014,,,2.50446552114518,45680.5469412164,,,71621.0
AND,YR2015,,,1.43414039522716,38885.5485894753,,,71746.0
AND,YR2016,,,3.70967806978986,39931.2362644858,,,72540.0
AND,YR2017,,,0.346071889630295,40632.2089824607,,,73837.0
AND,YR2018,,,1.58876549046354,42904.8115883352,,,75013.0
AND,YR2019,,,2.01554763848308,41328.6123929102,46530.0,,76343.0
AND,YR2020,,,-11.1839399355384,37207.2388711909,42280.0,,77700.0
AND,YR2021,,,8.28719978108489,42072.3194231234,44350.0,,79034.0
AND,YR2022,,,8.80957934841771,41992.7727779758,,,79824.0
AUT,YR2003,1.35555370896452,,0.941470920725337,32294.0488606559,28100.0,4.78,8121423.0
AUT,YR2004,2.06120618032862,,2.73512022241023,36889.2335135194,33850.0,5.83,8171966.0
AUT,YR2005,2.29913785639285,,2.24406532463878,38417.4577857677,38770.0,5.63,8227829.0
AUT,YR2006,1.4415485111902,,3.45404183614122,40669.3269586152,41500.0,5.24,8268641.0
AUT,YR2007,2.16855528800749,,3.72741530093519,46915.3374004507,44540.0,4.86,8295487.0
AUT,YR2008,3.21595033239886,,1.4604236757386,51919.9835754226,49210.0,4.13,8321496.0
AUT,YR2009,0.506308827696515,,-3.76457817791677,48153.3240199631,49150.0,5.3,8343323.0
AUT,YR2010,1.81353438995062,0.737782120704651,1.83709367680054,46903.7615854343,49750.0,4.82,8363404.0
AUT,YR2011,3.2865791487538,,2.92279728368581,51442.2762464407,50700.0,4.56,8391643.0
AUT,YR2012,2.48567562177015,,0.680445576816723,48564.9173350875,50100.0,4.87,8429991.0
AUT,YR2013,2.00015616900597,,0.0255047121972183,50731.1272541847,50720.0,5.34,8479823.0
AUT,YR2014,1.60581182954474,,0.661272848852605,51786.3771747905,50390.0,5.62,8546356.0
AUT,YR2015,0.89656333526032,,1.01450158590511,44195.8175947748,47480.0,5.72,8642699.0
AUT,YR2016,0.891591752655362,,1.98943716230463,45307.5878620429,46240.0,6.01,8736668.0
AUT,YR2017,2.08126911385587,0.793,2.25857243250671,47429.1584564387,45040.0,5.5,8797566.0
AUT,YR2018,1.9983798142954,0.768673121929169,2.42538536088061,51466.5565633634,48980.0,4.85,8840521.0
AUT,YR2019,1.53089564152644,,1.45052918393192,50067.5857265892,51000.0,4.49,8879920.0
AUT,YR2020,1.38191063351862,0.746739745140076,-6.63299143662553,48789.4978498872,48980.0,5.36,8916864.0
AUT,YR2021,2.7666666666667,,4.23786673253257,53517.8904509612,53150.0,6.18,8955797.0
AUT,YR2022,8.5468699318845,,4.80643020178459,52084.6811953372,55720.0,4.707,9041851.0
BEL,YR2003,1.5889639997038,,1.03798254902905,30655.2092679024,27100.0,7.68,10376133.0
BEL,YR2004,2.09728311239314,,3.5712043433582,35429.4077933344,32910.0,7.36,10421137.0
BEL,YR2005,2.78143263670022,,2.32173705381926,36809.7013403619,37780.0,8.44,10478617.0
BEL,YR2006,1.7912077007046,,2.55234994366351,38705.1067959147,39940.0,8.25,10547958.0
BEL,YR2007,1.82305630026808,,3.67688113594973,44319.165448813,42740.0,7.46,10625700.0
BEL,YR2008,4.48944420508401,,0.446928735275904,48303.397956286,46570.0,6.98,10709973.0
BEL,YR2009,-0.0531456741253769,,-2.02074306169408,44760.2912443709,46980.0,7.91,10796493.0
BEL,YR2010,2.18929920422457,0.752726852893829,2.86429270764155,44184.946353964,47080.0,8.29,10895586.0
BEL,YR2011,3.53208210722742,,1.69451389861332,47410.5669277464,46490.0,7.14,11038264.0
BEL,YR2012,2.83966343445899,,0.739217283058679,44670.5606845101,47130.0,7.54,11106932.0
BEL,YR2013,1.1130959402754,,0.459242192907709,46757.9518559598,47900.0,8.43,11159407.0
BEL,YR2014,0.340002833356922,,1.57853314322614,47764.0715120833,47820.0,8.52,11209057.0
BEL,YR2015,0.561429152790065,,2.04145900919961,41008.296719472,45570.0,8.48,11274196.0
BEL,YR2016,1.97385264653181,,1.26668640902095,42012.6227191016,43400.0,7.83,11331422.0
BEL,YR2017,2.12597086002607,0.757,1.6195802783878,44198.4823908691,42520.0,7.09,11375158.0
BEL,YR2018,2.05316499865186,0.762759745121002,1.79294519302076,47544.9811472757,46060.0,5.95,11427054.0
BEL,YR2019,1.43681956996429,,2.24083533103139,46641.7214017087,48100.0,5.36,11488980.0
BEL,YR2020,0.740791812220344,0.76041966676712,-5.2607791859752,45609.0034936111,46100.0,5.55,11538604.0
BEL,YR2021,2.44024851144084,,6.85099562281208,51850.3971840229,51060.0,6.26,11586195.0
BEL,YR2022,9.597511728725,,3.00990255927714,49926.8254295305,53890.0,5.631,11685814.0
BMU,YR2003,,,3.41070667687531,66111.7252270035,,,63325.0
BMU,YR2004,,,2.32126722323136,70359.3191088798,,,63740.0
BMU,YR2005,,,1.67420611410508,75882.0338560339,,,64154.0
BMU,YR2006,,,5.5438663804406,95221.8588720301,,,64523.0
BMU,YR2007,,,3.34513970877607,104287.387498459,,,64888.0
BMU,YR2008,,,-1.86595582635186,106935.486341979,,,65273.0
BMU,YR2009,,,-5.6266977105161,101407.764031934,,,65636.0
BMU,YR2010,,,-2.50287828947368,101875.28407346,103480.0,,65124.0
BMU,YR2011,,,-3.74274431740703,97774.1620717428,101610.0,,64564.0
BMU,YR2012,,,-5.30529910675297,98431.8651810241,100100.0,,64798.0
BMU,YR2013,,,-0.279708545423034,99471.6388978631,101760.0,,65001.0
BMU,YR2014,,,-3.70106759364258,98467.683993982,99920.0,,65138.0
BMU,YR2015,,,0.775529699568978,102005.62564189,101120.0,,65237.0
BMU,YR2016,,,-0.657206304259205,106885.878489327,103620.0,,64554.0
BMU,YR2017,,,3.61141983706115,111820.581466347,112940.0,,63873.0
BMU,YR2018,,,-0.432801300339307,113050.73688163,117000.0,,63918.0
BMU,YR2019,,,0.306266735233933,116153.166121638,117280.0,,63911.0
BMU,YR2020,,,-6.83795519136594,107791.886435134,111800.0,,63893.0
BMU,YR2021,,,3.01381643857819,111774.669092278,120020.0,,63764.0
BMU,YR2022,,,2.92711294908246,118774.790656677,125210.0,,63532.0
CHE,YR2003,0.638272930887201,,-0.0323984765377787,49335.7456291067,46660.0,4.12,7339001.0
CHE,YR2004,0.802908730955227,,2.70170920967028,54659.4571488233,55000.0,4.32,7389625.0
CHE,YR2005,1.17195420333703,,2.74969898498485,56242.8933645639,62770.0,4.44,7437115.0
CHE,YR2006,1.05950928324802,,4.07362844994275,59011.0324592016,65290.0,3.99,7483934.0
CHE,YR2007,0.732350603122248,,3.9163758177818,64989.1553256031,64120.0,3.64,7551117.0
CHE,YR2008,2.42604117060158,,2.80798363168692,74175.1927898555,64870.0,3.35,7647675.0
CHE,YR2009,-0.480481936423275,,-2.29737463071545,71568.3123885672,71800.0,4.11,7743831.0
CHE,YR2010,0.688238707220026,0.768143713474274,3.24339733550173,76531.3729407691,79040.0,4.81,7824909.0
CHE,YR2011,0.2313492076509,,1.81310819203695,90476.7589651577,81330.0,4.41,7912398.0
CHE,YR2012,-0.692552018105253,,1.17925383325108,85836.2076767359,86720.0,4.49,7996861.0
CHE,YR2013,-0.217323155115693,,1.79214405707484,87304.3305813557,90590.0,4.75,8089346.0
CHE,YR2014,-0.0132025387514939,,2.34988127508626,88724.9909402638,88250.0,4.83,8188649.0
CHE,YR2015,-1.14390867228183,,1.64462768699285,83806.4476003837,86810.0,4.8,8282396.0
CHE,YR2016,-0.434618664285835,,2.0686896670996,82153.0745447889,83360.0,4.92,8373338.0
CHE,YR2017,0.533787839825897,0.767,1.36279955711416,82254.3769269767,80770.0,4.8,8451840.0
CHE,YR2018,0.936335464113563,0.766107618808746,2.86044579461633,85217.3691512274,82470.0,4.71,8514329.0
CHE,YR2019,0.362886179940614,,1.14198232505277,84121.9310304414,83160.0,4.39,8575280.0
CHE,YR2020,-0.725874933313384,0.756115138530731,-2.14173720650054,85897.7843338323,81740.0,4.82,8638167.0
CHE,YR2021,0.581814168489856,,5.39188804141473,93446.4344518943,90810.0,5.1,8704546.0
CHE,YR2022,2.83502798644463,,2.56832817834069,93259.9057183024,95490.0,4.202,8775760.0
CHI,YR2003,,,,49428.3097589957,,6.178,148341.0
CHI,YR2004,,,,57200.4664639273,,6.375,149538.0
CHI,YR2005,,,,58550.6571723349,,6.307,150763.0
CHI,YR2006,,,,63665.3153474479,,5.999,151985.0
CHI,YR2007,,,,75148.3494360381,,5.677,153225.0
CHI,YR2008,,,,,,5.75,154475.0
CHI,YR2009,,,,,,7.177,155721.0
CHI,YR2010,,,,,,7.551,156933.0
CHI,YR2011,,,,,,7.789,157819.0
CHI,YR2012,,,,,,8.618,158621.0
CHI,YR2013,,,,,,9.212,159794.0
CHI,YR2014,,,,,,8.996,160912.0
CHI,YR2015,,,,,,8.596,162190.0
CHI,YR2016,,,,58093.9960625367,,8.118,163721.0
CHI,YR2017,,,1.96610998960054,57683.8938973128,,7.505,165215.0
CHI,YR2018,,,1.05229056178158,62316.2199488315,,6.932,167259.0
CHI,YR2019,,,1.32511666013609,61281.3272247009,,6.777,169410.0
CHI,YR2020,,,-7.96507880705455,57339.5268713567,,7.811,171113.0
CHI,YR2021,,,8.64676971657032,67960.7269955768,,7.553,172683.0
CHI,YR2022,,,,,,6.916,174079.0
CYP,YR2003,4.13906538686858,,2.6232861229859,20252.23828125,16710.0,4.14,1000350.0
CYP,YR2004,2.2862170680168,,5.02634392575987,23792.62109375,20260.0,4.33,1018684.0
CYP,YR2005,2.56016132330231,,4.85300383835666,24959.259765625,23990.0,5.3,1037062.0
CYP,YR2006,2.30468732978557,,4.71382866563106,26729.32421875,25600.0,4.54,1055438.0
CYP,YR2007,2.37265183669719,,5.09806845261184,31244.92578125,27340.0,3.92,1073873.0
CYP,YR2008,4.66900841902481,,3.6468119905756,35397.36328125,31970.0,3.65,1092390.0
CYP,YR2009,0.326276652249794,,-2.01526235906867,32109.2421875,32780.0,5.36,1110974.0
CYP,YR2010,2.43004084102254,0.686361968517303,2.01469570699406,31023.267578125,32120.0,6.26,1129686.0
CYP,YR2011,3.28944939564213,,0.401437941132741,32395.75390625,32640.0,7.86,1145086.0
CYP,YR2012,2.38905410042278,,-3.44682208589713,28910.74609375,29760.0,11.8,1156556.0
CYP,YR2013,-0.399357676464049,,-6.55307825499119,27727.53515625,27860.0,15.87,1166968.0
CYP,YR2014,-1.35498885446296,,-1.82930910922002,27162.322265625,26590.0,16.09,1176995.0
CYP,YR2015,-2.09699769053129,,3.38307971194378,23408.44140625,26090.0,14.91,1187280.0
CYP,YR2016,-1.42916666666665,,6.45455446625895,24605.349609375,24840.0,12.95,1197881.0
CYP,YR2017,0.531766496174467,0.751,5.85254035493243,26608.6953125,25020.0,11.05,1208523.0
CYP,YR2018,1.43549119531759,0.754617035388947,5.69284172448825,29335.046875,27390.0,8.37,1218831.0
CYP,YR2019,0.250370996758787,,5.83988491154004,29420.0,28560.0,7.07,1228836.0
CYP,YR2020,-0.638422797979542,0.755520224571228,-3.39086048722754,28281.42578125,26880.0,7.59,1237537.0
CYP,YR2021,2.44608867175504,,9.91130820807223,32745.84375,29490.0,7.46,1244188.0
CYP,YR2022,8.39548297993373,,5.05813019071144,32048.240234375,31520.0,6.976,1251488.0
CZE,YR2003,0.118739205526791,,3.58368845880418,9818.56849307488,8110.0,7.54,10193998.0
CZE,YR2004,2.76010781671157,,4.81426100126959,11749.8526643577,10260.0,8.21,10197101.0
CZE,YR2005,1.8570978910922,,6.60161752988951,13430.6698955613,12480.0,7.93,10211216.0
CZE,YR2006,2.53399258343635,,6.76693268125427,15261.7975911138,14000.0,7.15,10238905.0
CZE,YR2007,2.85312437211175,,5.57033885921025,18466.5479299216,15850.0,5.32,10298828.0
CZE,YR2008,6.35866380152373,,2.68641195092762,22804.5776774507,18510.0,4.39,10384603.0
CZE,YR2009,1.01937735329232,,-4.65733109171755,19861.6974295256,18840.0,6.66,10443936.0
CZE,YR2010,1.47272727272722,0.726969122886658,2.43490215904518,19960.0684872157,19400.0,7.28,10474410.0
CZE,YR2011,1.9172191363555,,1.76035962445222,21871.2660754128,19460.0,6.71,10496088.0
CZE,YR2012,3.28762306610411,,-0.785004299003617,19870.8012123403,19440.0,6.98,10510785.0
CZE,YR2013,1.4382978723404,,-0.0459036735515213,20133.1691431353,19410.0,6.95,10514272.0
CZE,YR2014,0.343988589646794,,2.26210289708078,19890.9199056648,18900.0,6.11,10525347.0
CZE,YR2015,0.309364548494975,,5.38838083815307,17829.6983223668,18370.0,5.05,10546059.0
CZE,YR2016,0.683504209385703,,2.5372845203138,18575.2320271915,17670.0,3.95,10566332.0
CZE,YR2017,2.4505339846014,0.782,5.16872430413071,20636.199952435,18310.0,2.89,10594438.0
CZE,YR2018,2.14949494949493,0.764516711235046,3.22008806955105,23424.4804601855,20560.0,2.24,10629928.0
CZE,YR2019,2.8478759591805,,3.02987866345279,23664.8478631108,22120.0,2.01,10671870.0
CZE,YR2020,3.16129528497801,0.752257406711578,-5.50296796125089,22992.8793833348,21800.0,2.55,10697858.0
CZE,YR2021,3.83984491500146,,3.55302130899085,26822.5141862111,24530.0,2.81,10505772.0
CZE,YR2022,15.1001651468371,,2.35175488669397,27223.0451937676,26100.0,2.37,10672118.0
DEU,YR2003,1.03422218628562,,-0.700116686114356,30310.3575963774,26140.0,9.78,82534176.0
DEU,YR2004,1.66573696655992,,1.17508813160987,34106.6581224001,31670.0,10.73,82516260.0
DEU,YR2005,1.54691114751328,,0.731707163554191,34520.2396492496,35770.0,11.17,82469422.0
DEU,YR2006,1.57742642840563,,3.816441912988,36353.8803343631,38270.0,10.25,82376451.0
DEU,YR2007,2.29834400700951,,2.97645513131597,41640.0808695147,40470.0,8.66,82266372.0
DEU,YR2008,2.62837981637219,,0.95987913356484,45612.7106221441,43650.0,7.52,82110097.0
DEU,YR2009,0.312739007368447,,-5.69383633640285,41650.3678297162,43660.0,7.74,81902307.0
DEU,YR2010,1.1038103778926,0.760740280151367,4.17988249873657,41572.4559481507,44680.0,6.97,81776930.0
DEU,YR2011,2.07517283735874,,3.92519270463411,46705.8957963353,47320.0,5.82,80274983.0
DEU,YR2012,2.00848884782956,,0.418497594217598,43855.8544658618,46560.0,5.38,80425823.0
DEU,YR2013,1.50472330251876,,0.437591303144671,46298.9229177341,47220.0,5.23,80645605.0
DEU,YR2014,0.906794000434246,,2.20954343134872,48023.8699845462,47640.0,4.98,80982500.0
DEU,YR2015,0.514426137125456,,1.49193152760772,41103.2564363768,45780.0,4.62,81686611.0
DEU,YR2016,0.491747008445174,,2.22999986782015,42136.1207907991,44280.0,4.12,82348669.0
DEU,YR2017,1.50949485109628,0.795,2.68023111405891,44652.5891722719,43760.0,3.75,82657002.0
DEU,YR2018,1.73216879766942,0.763772785663605,0.981232606004738,47939.2782884504,47490.0,3.38,82905782.0
DEU,YR2019,1.44565976888253,,1.07547163576423,46805.1384334439,49410.0,3.14,83092962.0
DEU,YR2020,0.144877925813982,0.751162469387054,-3.82676871619293,46749.4762280016,47970.0,3.86,83160871.0
DEU,YR2021,3.06666666666673,,3.16381994194575,51426.7503654421,52050.0,3.57,83196078.0
DEU,YR2022,6.87257438551097,,1.80620896724351,48717.9911402128,54030.0,2.989,83797985.0
DNK,YR2003,2.07507820646507,,0.390058556485101,40458.7773986609,34750.0,5.4,5390574.0
DNK,YR2004,1.15435693124932,,2.66821926741747,46511.5983324305,42640.0,5.2,5404523.0
DNK,YR2005,1.81781458291254,,2.33664130821947,48799.8256011275,49610.0,4.83,5419432.0
DNK,YR2006,1.92422138464594,,3.9130079783106,52026.9995142723,53540.0,3.9,5437272.0
DNK,YR2007,1.69326586220315,,0.909238928302372,58487.0549677696,55740.0,3.8,5461438.0
DNK,YR2008,3.41626794258373,,-0.512016744849106,64322.0635020842,60390.0,3.68,5493621.0
DNK,YR2009,1.30470991024337,,-4.90654772965155,58163.2768762815,60090.0,6.41,5523095.0
DNK,YR2010,2.31092436974789,0.748738408088684,1.87099114718497,58041.3984363385,61220.0,7.75,5547683.0
DNK,YR2011,2.7586822605125,,1.33677776690328,61753.647131977,61990.0,7.77,5570572.0
DNK,YR2012,2.3979148566464,,0.226499791802965,58507.5080517852,61650.0,7.8,5591572.0
DNK,YR2013,0.789071780078062,,0.933340972371226,61191.1937042028,63200.0,7.38,5614932.0
DNK,YR2014,0.56402054044954,,1.61939381103033,62548.9847332908,63670.0,6.93,5643475.0
DNK,YR2015,0.452034153691575,,2.34259110757047,53254.8563700916,60510.0,6.28,5683483.0
DNK,YR2016,0.250000000000031,,3.24595698524399,54663.9983719195,58040.0,5.99,5728010.0
DNK,YR2017,1.14713216957602,0.774,2.82173634129026,57610.0981801135,56690.0,5.83,5764980.0
DNK,YR2018,0.813609467455631,0.770831823348999,1.98953731496432,61591.9288698958,61260.0,5.13,5793636.0
DNK,YR2019,0.75813157251162,,1.49348695853648,59592.9806886454,63140.0,5.02,5814422.0
DNK,YR2020,0.420711974110115,0.755094826221466,-2.42451267861938,60836.5924121638,62540.0,5.64,5831404.0
DNK,YR2021,1.8530454398968,,6.8445219018344,69268.6517983134,69780.0,5.06,5856733.0
DNK,YR2022,7.6965669988926,,2.73117445421431,67790.0539923276,73520.0,4.172,5903037.0
ESP,YR2003,3.03888839396655,,2.98193631644672,21510.8362454011,18080.0,11.28,42187645.0
ESP,YR2004,3.03924881090925,,3.12273351662624,24907.0008505856,22130.0,11.09,42921895.0
ESP,YR2005,3.36881409750383,,3.65208419190144,26429.1509449319,25910.0,9.15,43653155.0
ESP,YR2006,3.51557576832128,,4.10268574072705,28389.0785799873,27850.0,8.45,44397319.0
ESP,YR2007,2.78679745804946,,3.60473846199818,32591.3503065871,29770.0,8.23,45226803.0
ESP,YR2008,4.07534335957339,,0.887067045576416,35510.7222312701,32250.0,11.25,45954106.0
ESP,YR2009,-0.28781308353524,,-3.7631070424473,32169.5028548583,32560.0,17.86,46362946.0
ESP,YR2010,1.79986457728769,0.708285570144653,0.162919517758226,30532.4805081656,31970.0,19.86,46576897.0
ESP,YR2011,3.1961018883379,,-0.814384776648922,31677.9003083652,31020.0,21.39,46742697.0
ESP,YR2012,2.44612782366809,,-2.95892213230024,28322.9465923276,29540.0,24.79,46773055.0
ESP,YR2013,1.40858109183019,,-1.40334186790638,29077.1820557563,29230.0,26.09,46620045.0
ESP,YR2014,-0.151114837527235,,1.39577536727975,29513.6511800405,29160.0,24.44,46480882.0
ESP,YR2015,-0.500365709903242,,3.83851887667484,25754.36102944,28460.0,22.06,46444832.0
ESP,YR2016,-0.202598000426452,,3.03777414172446,26537.1594894542,27570.0,19.64,46484062.0
ESP,YR2017,1.95607633363963,0.743,2.97576072924863,28185.3213671969,27120.0,17.22,46593236.0
ESP,YR2018,1.6749813686379,0.736156404018402,2.28446941947622,30379.7211126422,29330.0,15.25,46797754.0
ESP,YR2019,0.699518994458739,,1.9839662230883,29581.5185513299,30360.0,14.1,47134837.0
ESP,YR2020,-0.322753017299739,0.728255033493042,-11.1672978596983,26984.2962770279,27180.0,15.53,47365655.0
ESP,YR2021,3.0931351197642,,6.40317361484541,30488.8209528797,30090.0,14.78,47415794.0
ESP,YR2022,8.39057634118627,,5.77064767618052,29674.5442864413,32090.0,13.009,47778340.0
EST,YR2003,1.33499116549955,,7.60026518508707,7203.52303786646,5730.0,11.29,1370720.0
EST,YR2004,3.04811107523416,,6.80400777050136,8914.10355674451,7500.0,10.25,1362550.0
EST,YR2005,4.07971423199849,,9.52642697162088,10412.6443137966,9730.0,8.03,1354775.0
EST,YR2006,4.43762042389213,,9.76558336997708,12639.4000677296,11500.0,5.91,1346810.0
EST,YR2007,6.60132603055637,,7.57914052046765,16744.5844516343,13430.0,4.59,1340680.0
EST,YR2008,10.3623580313683,,-5.13200095768519,18204.9664786762,15190.0,5.45,1337090.0
EST,YR2009,-0.0784083112809768,,-14.6290550324223,14711.7352728223,14570.0,13.55,1334515.0
EST,YR2010,2.97204512015694,0.725663781166077,2.44426511799784,14663.0446126465,14580.0,16.71,1331475.0
EST,YR2011,4.9819013145361,,7.26308458128695,17487.8047830922,15840.0,12.33,1327439.0
EST,YR2012,3.93339987296985,,3.22820049358981,17403.2053254767,16760.0,10.02,1322696.0
EST,YR2013,2.78056658954988,,1.45842863615992,19056.0019226989,18140.0,8.63,1317997.0
EST,YR2014,-0.10617514652171,,3.01136658651455,20261.0667303886,18880.0,7.35,1314545.0
EST,YR2015,-0.49232600654737,,1.85302004629342,17402.0376128079,18570.0,6.41,1315407.0
EST,YR2016,0.148684907627373,,3.15556481438308,18295.3429322114,18290.0,6.88,1315790.0
EST,YR2017,3.41723549488054,0.747,5.79204467466494,20437.765376736,18760.0,5.81,1317384.0
EST,YR2018,3.43632688420446,0.774125277996063,3.78420084952826,23165.8494786437,21180.0,5.41,1321977.0
EST,YR2019,2.27725931243522,,3.73970668161645,23424.4847073518,23150.0,4.51,1326898.0
EST,YR2020,-0.44453109767983,0.77720320224762,-0.55100125774716,23595.2436836441,23470.0,6.96,1329522.0
EST,YR2021,4.65316673847473,,8.01346292400842,27943.701219882,26270.0,6.18,1330932.0
EST,YR2022,19.3982634080616,,-1.28741134050431,28247.095992497,27120.0,5.851,1348840.0
FIN,YR2003,0.877440386254785,,2.00378420285061,32927.6802919408,28800.0,10.47,5213014.0
FIN,YR2004,0.187120559084418,,3.99209129032087,37772.1781110398,35380.0,10.36,5228172.0
FIN,YR2005,0.623874450025191,,2.77985055556123,39054.8504423825,40230.0,8.38,5246096.0
FIN,YR2006,1.56666380704386,,4.02740965802573,41222.6020004611,42840.0,7.72,5266268.0
FIN,YR2007,2.5106656524034,,5.29933650739021,48476.3927287052,46190.0,6.85,5288720.0
FIN,YR2008,4.06595355358379,,0.783995060876521,53772.7942390019,50160.0,6.37,5313399.0
FIN,YR2009,-9.17360384430342e-07,,-8.0744474323113,47481.4845364339,48950.0,8.25,5338871.0
FIN,YR2010,1.18413523154646,0.81736147403717,3.18595865407703,46505.3031791811,49750.0,8.39,5363352.0
FIN,YR2011,3.41680754255211,,2.54766483842627,51148.9316365833,50260.0,7.78,5388272.0
FIN,YR2012,2.80833622561574,,-1.39754572817782,47708.0612784469,48970.0,7.69,5413971.0
FIN,YR2013,1.4782861568881,,-0.901696316194844,49892.2233632732,49510.0,8.19,5438972.0
FIN,YR2014,1.04119621178439,,-0.364908156882066,50327.2402902632,49420.0,8.66,5461512.0
FIN,YR2015,-0.207928839905268,,0.543659211765487,42801.9081167285,47180.0,9.38,5479531.0
FIN,YR2016,0.356684500891695,,2.81145776663433,43814.0265056965,45530.0,8.82,5495303.0
FIN,YR2017,0.754015047084346,0.814,3.19240962968416,46412.1364777169,44840.0,8.64,5508214.0
FIN,YR2018,1.08382098409305,0.814484000205994,1.1397180134305,49987.6261584968,48210.0,7.36,5515525.0
FIN,YR2019,1.02409392963431,,1.22474892206223,48629.8582283032,49940.0,6.69,5521606.0
FIN,YR2020,0.290554555653239,0.796001017093658,-2.35496515679442,49169.7193388499,50030.0,7.76,5529543.0
FIN,YR2021,2.19457432340007,,3.17092861953763,53559.9776765847,53350.0,7.61,5541017.0
FIN,YR2022,7.12350773301402,,1.60180197317791,50916.2804653208,54930.0,6.801,5556106.0
FRA,YR2003,2.09847219146923,,0.823160756684118,29627.92426353,26000.0,8.31,62256970.0
FRA,YR2004,2.14208964640241,,2.82975292869891,33797.1624418436,31450.0,8.91,62716306.0
FRA,YR2005,1.74586936380482,,1.66321998030079,34768.1759037525,35920.0,8.49,63188395.0
FRA,YR2006,1.67512449608723,,2.44932360111885,36470.2128399313,37880.0,8.45,63628261.0
FRA,YR2007,1.4879980595386,,2.42473624337305,41557.6235648179,40160.0,7.66,64021737.0
FRA,YR2008,2.81286194914787,,0.254945960124005,45515.9617533473,43540.0,7.06,64379696.0
FRA,YR2009,0.0876204781574552,,-2.87331382849631,41737.7635518137,44070.0,8.74,64710879.0
FRA,YR2010,1.53112270420926,0.756891846656799,1.94943762312663,40676.0647913181,43970.0,8.87,65030575.0
FRA,YR2011,2.11159795174994,,2.19270063266654,43846.4660764798,44440.0,8.81,65345233.0
FRA,YR2012,1.9541953161351,,0.313134751077172,40870.8523645734,43410.0,9.4,65662240.0
FRA,YR2013,0.863715497861805,,0.576326674771792,42602.7179652667,43800.0,9.92,66002289.0
FRA,YR2014,0.50775882293799,,0.956183052371557,43068.5487241739,43340.0,10.29,66312067.0
FRA,YR2015,0.0375143805125182,,1.1129123405747,36652.9223052178,41130.0,10.35,66548272.0
FRA,YR2016,0.18333486112386,,1.09546440372048,37062.5335723829,39100.0,10.05,66724104.0
FRA,YR2017,1.03228275064662,0.765,2.29141999417021,38781.0494870836,38320.0,9.41,66918020.0
FRA,YR2018,1.85081508315503,0.755960285663605,1.86506607081999,41557.8548588876,41170.0,9.02,67158348.0
FRA,YR2019,1.10825492288294,,1.84297181445896,40494.8982936276,42460.0,8.41,67388001.0
FRA,YR2020,0.476498852725066,0.762737214565277,-7.54045916249406,39179.7442596057,39250.0,8.01,67571107.0
FRA,YR2021,1.64233141038385,,6.43520962104938,43671.3084099631,43810.0,7.86,67764304.0
FRA,YR2022,5.22236748369735,,2.45475817660707,40886.2532680273,45290.0,7.445,67971311.0
FRO,YR2003,,,,31691.880082905,,,47392.0
FRO,YR2004,,,,35940.9608625712,,,47989.0
FRO,YR2005,,,,36440.3221972404,,,48291.0
FRO,YR2006,,,,41762.6898536453,,,48313.0
FRO,YR2007,,,,48365.735061209,,,48361.0
FRO,YR2008,,,,51431.9730976048,,,48411.0
FRO,YR2009,,,-4.30300216202099,47410.9556269077,,,48429.0
FRO,YR2010,,,-0.576939114349187,48167.6675141519,49280.0,,48410.0
FRO,YR2011,,,3.70819417120374,51786.480991824,53610.0,,48386.0
FRO,YR2012,,,7.01665379949266,50157.0587890212,56390.0,,48392.0
FRO,YR2013,,,5.85305191414515,55560.1330274996,59300.0,,48418.0
FRO,YR2014,,,5.43270135720174,60126.1256426858,60390.0,,48465.0
FRO,YR2015,,,0.976378534447207,52726.6873782078,57780.0,,48816.0
FRO,YR2016,,,1.46991580449085,56833.9165410522,57400.0,,49500.0
FRO,YR2017,,,3.51430597113568,59328.2376643374,57880.0,,50230.0
FRO,YR2018,,,2.73155215546514,62576.8016380509,62940.0,,50955.0
FRO,YR2019,,,4.39010333975558,63203.7447848956,66090.0,,51681.0
FRO,YR2020,,,-1.92683441672665,62234.9686802048,64460.0,,52415.0
FRO,YR2021,,,5.75555052732079,69108.2065823035,69840.0,,52889.0
FRO,YR2022,,,5.39848038908718,66979.2773224808,74420.0,,53090.0
GBR,YR2003,1.37650038542013,,3.14657252830963,34442.6875402308,32250.0,4.81,59647577.0
GBR,YR2004,1.39039756680422,,2.42649654912002,40366.8886650968,37810.0,4.59,59987905.0
GBR,YR2005,2.0891364902507,,2.73884240379734,42104.7884375024,42700.0,4.75,60401206.0
GBR,YR2006,2.4556616643929,,2.38627536792974,44512.4590296865,44850.0,5.35,60846820.0
GBR,YR2007,2.38656150773327,,2.62033122218656,50397.6854954706,47390.0,5.26,61322463.0
GBR,YR2008,3.52140856342539,,-0.225726974764584,47396.1202078484,48390.0,5.62,61806995.0
GBR,YR2009,1.96173173560109,,-4.61495740242552,38744.131693043,44080.0,7.54,62276270.0
GBR,YR2010,2.49265472467066,0.765453696250916,2.23868863381415,39598.957119545,41770.0,7.79,62766365.0
GBR,YR2011,3.8561124468282,,1.14510154098662,42109.6418795749,41100.0,8.04,63258810.0
GBR,YR2012,2.5732347965453,,1.51293674929991,42497.3404974322,41800.0,7.88,63700215.0
GBR,YR2013,2.29166666666659,,1.79232221590813,43426.2981405143,42790.0,7.52,64128273.0
GBR,YR2014,1.45112016293279,,3.19578246561922,47439.6165895125,44580.0,6.11,64602298.0
GBR,YR2015,0.36804684232536,,2.2202583222271,44964.3911437292,44380.0,5.3,65116219.0
GBR,YR2016,1.0084173681141,,1.9210634135702,40985.2351382417,42960.0,4.81,65611593.0
GBR,YR2017,2.55775577557747,0.781,2.65506966811928,40572.1214823783,41660.0,4.33,66058859.0
GBR,YR2018,2.29283990345938,0.776982247829437,1.40379208588568,43203.8141057739,42020.0,4.0,66460344.0
GBR,YR2019,1.73810460086513,,1.64161099628876,42662.5353740311,43240.0,3.74,66836327.0
GBR,YR2020,0.989486703772491,0.782942950725555,-10.3599008187799,40217.0090116986,38750.0,4.472,67081234.0
GBR,YR2021,2.51837109614213,,8.67490411442573,46869.759058411,45550.0,4.826,67026292.0
GBR,YR2022,7.92204883147902,,4.34656140089153,46125.2557513568,49240.0,3.571,66971395.0
GIB,YR2003,,,,,,,28301.0
GIB,YR2004,,,,,,,28716.0
GIB,YR2005,,,,,,,29155.0
GIB,YR2006,,,,,,,29587.0
GIB,YR2007,,,,,,,29996.0
GIB,YR2008,,,,,,,30398.0
GIB,YR2009,,,,,,,30819.0
GIB,YR2010,,,,,,,31262.0
GIB,YR2011,,,,,,,31701.0
GIB,YR2012,,,,,,,32160.0
GIB,YR2013,,,,,,,32411.0
GIB,YR2014,,,,,,,32452.0
GIB,YR2015,,,,,,,32520.0
GIB,YR2016,,,,,,,32565.0
GIB,YR2017,,,,,,,32602.0
GIB,YR2018,,,,,,,32648.0
GIB,YR2019,,,,,,,32685.0
GIB,YR2020,,,,,,,32709.0
GIB,YR2021,,,,,,,32669.0
GIB,YR2022,,,,,,,32649.0
GRC,YR2003,3.53065027765552,,5.79453166075554,18518.3788387396,,9.41,10928070.0
GRC,YR2004,2.8988481075817,,5.06099249240204,21995.477943746,,10.31,10955141.0
GRC,YR2005,3.54507273335078,,0.599142036530793,22560.1472939077,,9.99,10987314.0
GRC,YR2006,3.19594684144545,,5.65243353574094,24821.9367451879,24570.0,9.01,11020362.0
GRC,YR2007,2.89500321516578,,3.27374687573136,28863.9732885018,26370.0,8.4,11048473.0
GRC,YR2008,4.15279708110293,,-0.335172543061219,32127.9831943287,28710.0,7.76,11077841.0
GRC,YR2009,1.21007269197809,,-4.30073348668201,29828.7560245271,29420.0,9.62,11107017.0
GRC,YR2010,4.71298907760388,0.714860320091248,-5.47780804926842,26716.6488260274,27610.0,12.71,11121341.0
GRC,YR2011,3.3298532335065,,-10.1493148298685,25483.8825644931,24560.0,17.86,11104899.0
GRC,YR2012,1.50152696177758,,-7.08669678638024,21912.9982879517,23180.0,24.44,11045011.0
GRC,YR2013,-0.921269454256994,,-2.51599722189651,21787.7877636035,22430.0,27.47,10965211.0
GRC,YR2014,-1.31226096405506,,0.475695947137041,21616.7100094908,22010.0,26.49,10892413.0
GRC,YR2015,-1.73588804765284,,-0.196087629724133,18083.8779056547,20190.0,24.9,10820883.0
GRC,YR2016,-0.825653978390973,,-0.487173294301954,17923.9668134716,18640.0,23.54,10775971.0
GRC,YR2017,1.12125452031419,0.681,1.09214912017283,18582.0893411631,17960.0,21.49,10754679.0
GRC,YR2018,0.62562141345364,0.694805860519409,1.66842863602514,19756.990456255,19080.0,19.29,10732882.0
GRC,YR2019,0.253007522038157,,1.87948998590817,19143.8876174584,19690.0,17.31,10721582.0
GRC,YR2020,-1.24798355581405,0.690006494522095,-9.31643576478743,17617.2915057014,17920.0,16.31,10698599.0
GRC,YR2021,1.22382501019854,,8.37994378358083,20310.6824798873,20010.0,14.71,10569207.0
GRC,YR2022,9.64525981280632,,5.55728707963308,20867.2690861087,21810.0,12.162,10426919.0
GRL,YR2003,,,4.43004572118211,27459.8753295461,20440.0,,56765.0
GRL,YR2004,,,6.90658283676629,32023.6820516137,25730.0,,56911.0
GRL,YR2005,,,4.98749177090193,32489.7277309899,30920.0,,56935.0
GRL,YR2006,,,5.55569490080012,35458.2542977474,30240.0,,56774.0
GRL,YR2007,,,2.3524379811805,39780.9441368721,34800.0,,56555.0
GRL,YR2008,,,6.1661327018619,44366.7858688175,,,56328.0
GRL,YR2009,,,0.865952328886948,44918.8413832155,,,56323.0
GRL,YR2010,,,1.73582505889665,43988.5280290494,,,56905.0
GRL,YR2011,,,-0.496519391959083,47186.8759969388,,,56890.0
GRL,YR2012,,,1.39419335955625,45936.9562817724,,,56810.0
GRL,YR2013,,,-1.29828069335511,47535.4883792376,,,56483.0
GRL,YR2014,,,4.7421356730152,50485.2244135291,,,56295.0
GRL,YR2015,,,-2.52931802394475,44536.3549705377,,,56114.0
GRL,YR2016,,,4.68195410972302,48181.7453541266,,,56186.0
GRL,YR2017,,,0.0527281828800312,50765.7494665372,,,56172.0
GRL,YR2018,,,0.62306542854094,54545.135857765,,,56023.0
GRL,YR2019,,,2.83217756798683,53309.2035905065,,,56225.0
GRL,YR2020,,,0.187608793759281,54693.0766804265,,,56367.0
GRL,YR2021,,,1.29021048770599,57116.295770722,,,56653.0
GRL,YR2022,,,,,,,56661.0
HUN,YR2003,4.66101694915254,,4.07424974585209,8419.43087098103,6630.0,5.79,10129552.0
HUN,YR2004,6.74434679569469,,5.00462069164915,10301.7033946743,8650.0,5.83,10107146.0
HUN,YR2005,3.56151711378352,,4.29427761009178,11223.3993032598,10380.0,7.19,10087065.0
HUN,YR2006,3.93032603841001,,3.9460668802932,11489.5608654088,11240.0,7.49,10071370.0
HUN,YR2007,7.9587451654491,,0.277372772325805,13940.9092761999,11770.0,7.41,10055780.0
HUN,YR2008,6.0425125388106,,1.00394302900897,15772.3300839383,13250.0,7.82,10038188.0
HUN,YR2009,4.21171171171171,,-6.59786721850169,13077.305465178,13410.0,10.03,10022650.0
HUN,YR2010,4.85555795691956,0.689729869365692,1.0762540427767,13217.5045951108,13260.0,11.17,10000023.0
HUN,YR2011,3.9299209893507,,1.86683747544298,14234.471576937,13250.0,11.03,9971727.0
HUN,YR2012,5.65214517088646,,-1.25022602347063,12984.8365730133,13080.0,11.0,9920362.0
HUN,YR2013,1.73319984983101,,1.80252210082266,13715.0703590361,13520.0,10.18,9893082.0
HUN,YR2014,-0.227566270988219,,4.23220980614269,14294.2584180751,13560.0,7.73,9866468.0
HUN,YR2015,-0.0616446800641672,,3.7073159793626,12717.038597002,13230.0,6.81,9843028.0
HUN,YR2016,0.394769306686392,,2.20100189293856,13104.6995457458,13100.0,5.11,9814023.0
HUN,YR2017,2.34824281150154,0.703,4.27197601620695,14621.2395956755,13180.0,4.16,9787966.0
HUN,YR2018,2.85024792594646,0.705064594745636,5.36234836176223,16425.2050299693,14980.0,3.71,9775564.0
HUN,YR2019,3.33858635382008,,4.86422573511891,16786.2136399075,16570.0,3.42,9771141.0
HUN,YR2020,3.32674385766738,0.683087289333344,-4.53555083281567,16125.6094085407,16030.0,4.25,9750149.0
HUN,YR2021,5.11096534382855,,7.08572084592274,18753.0469453539,17740.0,4.05,9709891.0
HUN,YR2022,14.6081439492433,,4.5545566416229,18390.1849993244,19010.0,3.423,9643048.0
IMN,YR2003,,,5.99999968812641,29877.9587606731,28120.0,,77939.0
IMN,YR2004,,,5.20000310402496,35872.72612288,34540.0,,78677.0
IMN,YR2005,,,5.89999933576675,38184.3378346299,40030.0,,79415.0
IMN,YR2006,,,7.69999871253432,42662.6028527822,45010.0,,80228.0
IMN,YR2007,,,7.50000022988817,55072.1779876299,47980.0,,81100.0
IMN,YR2008,,,4.90000100081545,72304.9475048348,43660.0,,81997.0
IMN,YR2009,,,2.10000027181374,66175.2275795601,46800.0,,82915.0
IMN,YR2010,,,3.39999842395957,70625.1685395487,72450.0,,83828.0
IMN,YR2011,,,1.99999938207415,77838.3969263195,74860.0,,84350.0
IMN,YR2012,,,7.30387926678051,79326.3829993587,82390.0,,84338.0
IMN,YR2013,,,4.14186831989466,83204.7471695074,87680.0,,84144.0
IMN,YR2014,,,5.15503233863437,91881.1283610971,88570.0,,83896.0
IMN,YR2015,,,-0.385798408302321,84753.4567282435,83630.0,,83593.0
IMN,YR2016,,,6.95230252984427,82041.6210496551,78710.0,,83450.0
IMN,YR2017,,,2.83776234375715,83510.303746436,77920.0,,83580.0
IMN,YR2018,,,2.21339786951343,89425.8913885835,83460.0,,83775.0
IMN,YR2019,,,0.254884930058935,87152.4530176191,84490.0,,83933.0
IMN,YR2020,,,-8.83623206961572,79530.6054839665,79300.0,,84046.0
IMN,YR2021,,,,,,,84263.0
IMN,YR2022,,,,,,,84519.0
IRL,YR2003,3.49048968029137,,3.01383869171366,41203.5295847568,29980.0,4.48,3996521.0
IRL,YR2004,2.19962850718545,,6.78813997127008,47754.2023194244,37840.0,4.49,4070262.0
IRL,YR2005,2.42969198392957,,5.73978167213708,50933.0216095589,44640.0,4.34,4159914.0
IRL,YR2006,3.9316398954053,,4.98785381227775,54329.1618599624,47950.0,4.41,4273591.0
IRL,YR2007,4.89711564381345,,5.31011822051231,61396.417461176,50540.0,4.98,4398942.0
IRL,YR2008,4.06030495117365,,-4.48407064569804,61353.1065629523,50940.0,6.77,4489544.0
IRL,YR2009,-4.4781033915048,,-5.0957831845721,52133.0906162544,46810.0,12.61,4535375.0
IRL,YR2010,-0.92209582902454,0.766302525997162,1.68297202204354,48663.6004439251,44990.0,14.53,4560155.0
IRL,YR2011,2.5571888318692,,1.28075209135081,52219.7057327581,42370.0,15.35,4580084.0
IRL,YR2012,1.69620897294548,,-0.129692110994981,48943.8206459561,40940.0,15.45,4599533.0
IRL,YR2013,0.508714869485475,,1.17461437395743,51496.9616850661,43580.0,13.73,4623816.0
IRL,YR2014,0.182542316627901,,8.828998727303,55752.7649838131,46430.0,11.86,4657740.0
IRL,YR2015,-0.289879079012766,,24.4752533362377,62179.2642662951,50280.0,9.91,4701957.0
IRL,YR2016,0.00830633773565991,,1.76555687937534,62784.0656875694,51850.0,8.37,4755335.0
IRL,YR2017,0.340531561461897,0.806,9.31125930624903,70150.7370157965,53490.0,6.71,4807388.0
IRL,YR2018,0.488370168032444,0.813675343990326,8.47029545192876,79446.9391085469,59300.0,5.74,4867316.0
IRL,YR2019,0.939044481054393,,5.2977280259237,80848.3019020489,63650.0,4.95,4934340.0
IRL,YR2020,-0.334584625428532,0.792599022388458,6.61719466830968,85973.0884875501,65230.0,5.62,4985382.0
IRL,YR2021,2.35814296241712,,15.1252197949572,102001.798249145,76120.0,6.19,5033164.0
IRL,YR2022,7.80737540996716,,9.43302211023355,103983.29133582,79730.0,4.362,5127170.0
ISL,YR2003,2.05566329753742,,2.14268837866911,39476.6978486684,33710.0,4.0,289521.0
ISL,YR2004,3.15819324298464,,7.80239950753543,47334.9306537723,42020.0,4.03,292074.0
ISL,YR2005,3.98704782806593,,6.12443896533613,56794.8501588953,50520.0,2.55,296734.0
ISL,YR2006,6.68707906136661,,6.31699308637074,57492.9342498703,53450.0,2.83,303782.0
ISL,YR2007,5.05155736492146,,8.45486009612951,69495.7267376825,61880.0,2.25,311566.0
ISL,YR2008,12.6943942775878,,2.20949641882098,56943.3704468563,50060.0,2.95,317414.0
ISL,YR2009,12.0031298461743,,-7.66380956025947,41301.273219718,41860.0,7.22,318499.0
ISL,YR2010,5.39673113167477,0.755177617073059,-2.83277491540855,43237.0729488958,36270.0,7.56,318041.0
ISL,YR2011,4.0010266434312,,1.84577915624217,47714.5922308485,37610.0,7.03,319014.0
ISL,YR2012,5.18589988750698,,1.06363660743763,45995.5478789467,40690.0,6.0,320716.0
ISL,YR2013,3.87227923748249,,4.55246032015108,49804.9829978371,46960.0,5.38,323764.0
ISL,YR2014,2.04461481539333,,1.68721501750639,54576.7448146565,48090.0,4.9,327386.0
ISL,YR2015,1.63305558181326,,4.43666371937172,52951.6815110898,49940.0,3.98,330815.0
ISL,YR2016,1.69692761997751,,6.30368710650176,61987.9263620283,54910.0,2.98,335439.0
ISL,YR2017,1.76041559180597,0.74,4.19494882908376,72010.1490316258,60230.0,2.74,343400.0
ISL,YR2018,2.68291768267392,0.743431091308594,4.88917299486545,74452.1890731447,67770.0,2.7,352721.0
ISL,YR2019,3.01397179156053,,1.86117794293874,68452.23622306,72970.0,3.51,360563.0
ISL,YR2020,2.84792401518665,0.745281875133514,-7.2156705720011,58848.41812446,62130.0,5.48,366463.0
ISL,YR2021,4.44423970189739,,4.50773501940634,68710.2442005473,63180.0,6.02,372520.0
ISL,YR2022,8.3087551155892,,7.23808933976416,73466.7786674708,68660.0,3.809,382003.0
ITA,YR2003,2.6725555277285,,0.138626890776507,27526.3224609957,23410.0,8.87,57313203.0
ITA,YR2004,2.20673661423657,,1.42359415817907,31317.2007943296,28360.0,7.87,57685327.0
ITA,YR2005,1.9852929852798,,0.817848973650598,32055.0920757503,32480.0,7.73,57969484.0
ITA,YR2006,2.09084391012754,,1.79063968081796,33529.7266014361,34280.0,6.78,58143979.0
ITA,YR2007,1.82974112202403,,1.48707298036786,37870.7475070969,35930.0,6.08,58438310.0
ITA,YR2008,3.34783258401022,,-0.962012840579291,40944.9124194678,37980.0,6.72,58826731.0
ITA,YR2009,0.774768131387381,,-5.2809372082931,37226.7571935402,37990.0,7.75,59095365.0
ITA,YR2010,1.52551602118248,0.750265836715698,1.71329583916922,36035.6449950691,37960.0,8.36,59277417.0
ITA,YR2011,2.78063272879323,,0.707333347034435,38649.6394836789,37980.0,8.36,59379449.0
ITA,YR2012,3.04136333226775,,-2.98090576823772,35051.5212697703,36220.0,10.65,59539717.0
ITA,YR2013,1.21999342274306,,-1.84106545088248,35560.0814062288,35570.0,12.15,60233948.0
ITA,YR2014,0.241047429826756,,-0.00454754236383792,35565.7213771496,34910.0,12.68,60789140.0
ITA,YR2015,0.0387903996579733,,0.778304350716581,30242.3861352184,33000.0,11.9,60730582.0
ITA,YR2016,-0.09401665691575,,1.29346273155907,30960.7315088902,31970.0,11.69,60627498.0
ITA,YR2017,1.22653316645812,0.769,1.66785904106857,32406.7203150134,31380.0,11.21,60536709.0
ITA,YR2018,1.13748763600391,0.752880394458771,0.925810941012742,34622.1696664741,33850.0,10.61,60421760.0
ITA,YR2019,0.611246943765304,,0.483198316597154,33673.7509627421,34910.0,9.95,59729081.0
ITA,YR2020,-0.13770757391651,0.727819681167603,-8.97419212060699,31922.9191626183,32440.0,9.16,59438851.0
ITA,YR2021,1.87378325762481,,8.31376031801125,36449.2583375837,36420.0,9.5,59133173.0
ITA,YR2022,8.20128991161718,,3.724549463477,34776.423234274,38200.0,8.094,58940425.0
LIE,YR2003,,,-1.93756534125014,90317.7368065187,68800.0,,34000.0
LIE,YR2004,,,3.03917210306501,100710.606348234,79030.0,,34300.0
LIE,YR2005,,,4.82807677743524,105751.498912828,93020.0,,34603.0
LIE,YR2006,,,8.64496857267281,114652.242430174,104310.0,,34889.0
LIE,YR2007,,,3.325963509369,130908.389678938,112410.0,,35150.0
LIE,YR2008,,,1.79808847836411,143540.573432591,122130.0,,35401.0
LIE,YR2009,,,-1.15748291975636,126261.397282982,116600.0,,35675.0
LIE,YR2010,,,,141466.827324144,,,35926.0
LIE,YR2011,,,,158603.608966707,,,36189.0
LIE,YR2012,,,,149461.78557146,,,36505.0
LIE,YR2013,,,,173659.411799089,,,36806.0
LIE,YR2014,,,,179467.516166777,,,37096.0
LIE,YR2015,,,,167809.269874833,,,37355.0
LIE,YR2016,,,,165845.995200652,,,37609.0
LIE,YR2017,,,,170875.682067431,,,37889.0
LIE,YR2018,,,,175286.679024684,,,38181.0
LIE,YR2019,,,,167259.160311816,,,38482.0
LIE,YR2020,,,,165287.186766512,,,38756.0
LIE,YR2021,,,,197504.548936258,,,39039.0
LIE,YR2022,,,,,,,39327.0
LTU,YR2003,-1.13430854990247,,10.565956988762,5499.42898911387,4700.0,12.87,3415213.0
LTU,YR2004,1.16410252104671,,6.56949011753593,6700.32719189382,6010.0,10.68,3377075.0
LTU,YR2005,2.65848484065262,,7.73236760360545,7854.76527867855,7560.0,8.32,3322528.0
LTU,YR2006,3.73912004060664,,7.41412133545715,9230.70798102521,8800.0,5.78,3269909.0
LTU,YR2007,5.73717382799842,,11.1074801410501,12285.4470537014,10600.0,4.25,3231294.0
LTU,YR2008,10.9258856241655,,2.61442303328732,14944.996652175,12680.0,5.83,3198231.0
LTU,YR2009,4.45304456518535,,-14.8386083735986,11820.7761591359,12460.0,13.79,3162916.0
LTU,YR2010,1.31921362055463,0.688390016555786,1.65124065328366,11987.508411647,12570.0,17.81,3097282.0
LTU,YR2011,4.13027562645085,,6.03900816040344,14376.9478643932,13320.0,15.39,3028115.0
LTU,YR2012,3.08998277055417,,3.8438647490634,14367.709424872,14100.0,13.36,2987773.0
LTU,YR2013,1.04747937065344,,3.55007284270485,15729.6524666512,15340.0,11.77,2957689.0
LTU,YR2014,0.103758009433709,,3.53700987901611,16551.018202078,16070.0,10.7,2932367.0
LTU,YR2015,-0.884097405500596,,2.02458395469182,14263.9645773495,15190.0,9.12,2904910.0
LTU,YR2016,0.905525075460342,,2.51882827307178,15008.3132445526,14890.0,7.86,2868231.0
LTU,YR2017,3.72288862303707,0.712,4.28259695120761,16885.4073948373,15280.0,7.07,2828403.0
LTU,YR2018,2.69792779208394,0.726695239543915,3.99331032795327,19186.359591641,17470.0,6.15,2801543.0
LTU,YR2019,2.33450937988027,,4.6656783812234,19615.5491450175,19090.0,6.26,2794137.0
LTU,YR2020,1.19989444983569,0.70604795217514,-0.0246124952916773,20381.8557827478,19700.0,8.49,2794885.0
LTU,YR2021,4.68354420903453,,6.28471003860921,23849.6156993566,21850.0,7.11,2800839.0
LTU,YR2022,19.7050461518394,,2.44017546498974,25064.808914729,23870.0,5.569,2831639.0
LUX,YR2003,2.04984030563518,,2.61937857939165,65689.3214536911,46050.0,3.68,451630.0
LUX,YR2004,2.22567916428889,,4.23189130735582,76544.9170868473,62680.0,5.11,458095.0
LUX,YR2005,2.48769665164088,,2.48287474811472,80988.1376230858,73180.0,4.49,465158.0
LUX,YR2006,2.66631494577069,,6.01671504402741,90788.8004876145,71370.0,4.73,472637.0
LUX,YR2007,2.31245861786127,,8.0986676066054,107475.320297978,85730.0,4.07,479993.0
LUX,YR2008,3.40187963025571,,-0.30017619444267,120422.137934157,86000.0,5.06,488650.0
LUX,YR2009,0.368041997888887,,-3.23895402683188,109419.746953106,70650.0,5.12,497783.0
LUX,YR2010,2.2736791162154,0.700203478336334,3.76041359255095,110885.991378721,77640.0,4.36,506953.0
LUX,YR2011,3.41068341068342,,1.04429869455731,119025.057203467,79210.0,4.9,518347.0
LUX,YR2012,2.66284165508021,,1.64990202978652,112584.676270958,87950.0,5.14,530946.0
LUX,YR2013,1.73403963519162,,3.17179049916005,120000.140729859,85160.0,5.85,543360.0
LUX,YR2014,0.628543985440717,,2.62308601577192,123678.702143275,86760.0,5.85,556319.0
LUX,YR2015,0.474743161437779,,2.26978448419565,105462.012584423,73530.0,6.67,569604.0
LUX,YR2016,0.290833333333317,,4.97819043681629,106899.293549552,73730.0,6.29,582014.0
LUX,YR2017,1.73079959118887,0.692,1.31718766293677,110193.213797228,75800.0,5.52,596336.0
LUX,YR2018,1.5281952430738,0.692368566989899,1.21932191856359,116786.511654677,79770.0,5.59,607950.0
LUX,YR2019,1.74332075653848,,2.9158479150005,112726.439672814,79180.0,5.59,620001.0
LUX,YR2020,0.819957302127036,0.686146140098572,-0.909829798886719,116905.370396853,80980.0,6.77,630419.0
LUX,YR2021,2.52692009066166,,7.16840198697749,133711.794435985,87610.0,5.25,640064.0
LUX,YR2022,6.33600807777919,,1.38018589083207,125006.021815486,89200.0,4.698,653103.0
LVA,YR2003,2.94264752948473,,8.42286220668569,5145.19523190241,4670.0,12.06,2287955.0
LVA,YR2004,6.1923854719744,,8.28414597787324,6378.66652057115,5830.0,11.71,2263122.0
LVA,YR2005,6.74845027893112,,10.7203659565649,7594.90238431362,7390.0,10.03,2238799.0
LVA,YR2006,6.53619908765877,,11.9718356939022,9723.44690174779,8930.0,7.03,2218357.0
LVA,YR2007,10.0929775849168,,9.941921627624,14113.5291277327,11230.0,6.05,2200325.0
LVA,YR2008,15.4023191064986,,-3.24912072305602,16467.1436879405,13520.0,7.74,2177322.0
LVA,YR2009,3.53410672858944,,-14.2601400377132,12331.9285524089,14120.0,17.51,2141669.0
LVA,YR2010,-1.08463595015162,0.676458120346069,-4.455567259981,11420.9940032836,12650.0,19.48,2097555.0
LVA,YR2011,4.3707355993922,,2.57371236333377,13338.9622350852,12740.0,16.21,2059709.0
LVA,YR2012,2.25778924374595,,7.04224716054507,13847.3379393194,13800.0,15.05,2034319.0
LVA,YR2013,-0.0294547782579216,,2.00796687876637,15007.4918561719,14850.0,11.87,2012647.0
LVA,YR2014,0.620490636732421,,1.90217268380506,15742.3913381908,15340.0,10.85,1993782.0
LVA,YR2015,0.174242243625186,,3.88526005426763,13786.4567953114,15110.0,9.87,1977527.0
LVA,YR2016,0.140633334505327,,2.36861474664423,14331.7515885049,14800.0,9.64,1959537.0
LVA,YR2017,2.93036312374666,0.724,3.31247593587459,15695.1151541059,14870.0,8.72,1942248.0
LVA,YR2018,2.53445424186598,0.738353431224823,3.99051924069269,17865.0310947642,16560.0,7.41,1927174.0
LVA,YR2019,2.81140920075615,,0.587502383494098,17883.3494113217,17580.0,6.31,1913822.0
LVA,YR2020,0.219064904842156,0.70658141374588,-3.51380284197906,18096.2027073394,17900.0,8.1,1900449.0
LVA,YR2021,3.27582937431156,,6.73173527824665,20930.3982374189,19910.0,7.51,1884490.0
LVA,YR2022,17.3102830198815,,3.35847395442823,21779.5042572825,21850.0,6.429,1879383.0
MCO,YR2003,,,1.08753674887137,111309.869748198,,,32316.0
MCO,YR2004,,,2.47048416786116,125435.894305312,,,32236.0
MCO,YR2005,,,1.87567963514286,130818.981946144,,,32141.0
MCO,YR2006,,,5.79404793257837,143289.072903488,,,32011.0
MCO,YR2007,,,14.4386357978591,184639.750063228,,,31823.0
MCO,YR2008,,,0.73961279095063,204097.113958028,,,31862.0
MCO,YR2009,,,-11.3344849924422,168957.10787757,,,32401.0
MCO,YR2010,,,2.06522003847931,161780.745361248,,,33178.0
MCO,YR2011,,,7.02235796606936,179369.268180394,,,33945.0
MCO,YR2012,,,1.01221796129491,165497.097810044,,,34700.0
MCO,YR2013,,,9.57709795612061,185055.517569114,,,35425.0
MCO,YR2014,,,7.18702789807635,195772.724261668,,,36110.0
MCO,YR2015,,,4.8634732114333,170338.680381498,,,36760.0
MCO,YR2016,,,2.96410458593932,174412.494536127,,,37071.0
MCO,YR2017,,,-3.04412148638065,173611.687859934,,,37044.0
MCO,YR2018,,,5.78034682080926,193968.090133158,,,37029.0
MCO,YR2019,,,7.08346061161458,199382.838585354,,,37034.0
MCO,YR2020,,,-13.0110935023772,182537.387370109,,,36922.0
MCO,YR2021,,,21.8673711058481,235132.784182144,,,36686.0
MCO,YR2022,,,11.0968262747971,240862.18244774,,,36469.0
MLT,YR2003,1.30383777442602,,4.07406758949939,13669.4972171661,12170.0,7.49,398582.0
MLT,YR2004,2.79082848067754,,0.140268537240203,15197.056610121,14100.0,7.32,401268.0
MLT,YR2005,3.00796652450313,,3.38359372183241,15888.1724565995,15660.0,6.92,403834.0
MLT,YR2006,2.77378006481472,,2.51014276491905,16723.8842735356,16350.0,6.8,405308.0
MLT,YR2007,1.24921923797629,,4.77470580212453,19485.8711529324,17580.0,6.47,406724.0
MLT,YR2008,4.25862171897073,,3.8263591660248,22205.3567709304,20410.0,5.98,409379.0
MLT,YR2009,2.08432746082343,,-1.13387365460049,21083.2770528363,20310.0,6.89,412477.0
MLT,YR2010,1.51563513618532,0.680218040943146,5.5436400107222,21798.9142935915,21370.0,6.85,414508.0
MLT,YR2011,2.9629852819288,,0.467050564252716,23155.103527089,22120.0,6.38,416268.0
MLT,YR2012,2.37582057760386,,4.11770637605775,22526.5370208632,22160.0,6.2,420028.0
MLT,YR2013,1.1802843636655,,5.47335591422899,24769.5962287121,23370.0,6.11,425967.0
MLT,YR2014,0.310306472181665,,7.6335384644276,26753.2733830814,24560.0,5.73,434558.0
MLT,YR2015,1.10054826378929,,9.6081323482308,24921.7141769982,25230.0,5.38,445053.0
MLT,YR2016,0.642702771527304,,3.38145047586738,25623.9416320597,23440.0,4.69,455356.0
MLT,YR2017,1.36435448150708,0.701,10.8692692319326,28813.1853396512,24660.0,4.0,467999.0
MLT,YR2018,1.15782362451517,0.708490550518036,7.41626982344488,31785.8848300917,27610.0,3.66,484630.0
MLT,YR2019,1.6420600176894,,7.05872728924383,31727.0070746362,29330.0,3.62,504062.0
MLT,YR2020,0.638544956776712,0.709248304367065,-8.07797287148773,29597.6361628521,26480.0,4.35,515332.0
MLT,YR2021,1.49789217934724,,12.297966778843,34881.2912726609,30770.0,3.53,518536.0
MLT,YR2022,6.15375621933037,,6.91579216514336,34127.5105566356,32860.0,2.813,531113.0
NLD,YR2003,2.09199838997655,,0.155645898017013,35750.9746630269,30290.0,3.59,16225302.0
NLD,YR2004,1.2636473918318,,1.98494571422152,40436.6182310407,36630.0,4.65,16281779.0
NLD,YR2005,1.68813017869623,,2.05087610813881,41994.7135305232,41960.0,5.87,16319868.0
NLD,YR2006,1.10150106517702,,3.46098895411502,44900.9381441374,45270.0,5.0,16346101.0
NLD,YR2007,1.61385859802103,,3.77284252073882,51799.2085521047,48620.0,4.15,16381696.0
NLD,YR2008,2.48650198289454,,2.17032485133603,57879.9437553916,51670.0,3.65,16445593.0
NLD,YR2009,1.1897768702155,,-3.66688393735825,52722.2130568997,52310.0,4.35,16530388.0
NLD,YR2010,1.27530569556683,0.797099113464355,1.34273933636553,50999.7451168879,53430.0,4.99,16615394.0
NLD,YR2011,2.34107017751373,,1.55118931244651,54230.3129029852,53650.0,4.98,16693074.0
NLD,YR2012,2.45554765291604,,-1.03035399148436,50070.1416045904,51500.0,5.82,16754962.0
NLD,YR2013,2.50689852657885,,-0.130175288449919,52198.8975607454,51900.0,7.24,16804432.0
NLD,YR2014,0.976035079699679,,1.42339539510084,52900.537415323,51600.0,7.42,16865008.0
NLD,YR2015,0.600248147278776,,1.95916972105708,45193.4032187971,49300.0,6.87,16939923.0
NLD,YR2016,0.316666666666743,,2.19171371926123,46039.1059284098,46480.0,6.01,17030314.0
NLD,YR2017,1.38145871407206,0.8,2.91090251315005,48675.2223350213,46270.0,4.84,17131296.0
NLD,YR2018,1.7034979474447,0.803038597106934,2.36091509478513,53044.5324352253,50540.0,3.83,17231624.0
NLD,YR2019,2.63369910249601,,1.95558841574046,52476.2732533327,51930.0,3.38,17344874.0
NLD,YR2020,1.27246037789161,0.789915025234222,-3.88608391819609,52162.5701150406,50170.0,3.82,17441500.0
NLD,YR2021,2.67572008805385,,6.19185710427116,58727.8705471475,58170.0,4.21,17533044.0
NLD,YR2022,10.0012078753473,,4.32891831787197,57025.01245598,60230.0,3.538,17700982.0
NOR,YR2003,2.48782553461783,,0.944909391118713,50250.3298214345,44830.0,4.22,4564855.0
NOR,YR2004,0.45449850222084,,4.01462698081816,57768.6980958462,54290.0,4.26,4591910.0
NOR,YR2005,1.53213367609254,,2.68508442513182,67047.1704558264,64050.0,4.38,4623291.0
NOR,YR2006,2.32934980757544,,2.46150961402363,74434.4996835671,70300.0,3.4,4660677.0
NOR,YR2007,0.712589073634201,,2.91400334463283,85502.2677087731,78750.0,2.49,4709153.0
NOR,YR2008,3.75393081761005,,0.481919541231974,97503.5407803783,87850.0,2.55,4768212.0
NOR,YR2009,2.19738586853574,,-1.94036469505112,80347.5700665184,88130.0,3.1,4828726.0
NOR,YR2010,2.41890639481001,0.770567059516907,0.787051845495441,88163.2085931423,88940.0,3.52,4889252.0
NOR,YR2011,1.28495158809152,,1.10565602733728,101221.813476644,90920.0,3.21,4953088.0
NOR,YR2012,0.696864111498362,,2.71795926678982,102175.919298374,99750.0,3.12,5018573.0
NOR,YR2013,2.12048620353112,,1.01619082409272,103553.840134417,104830.0,3.42,5079623.0
NOR,YR2014,2.04170286707211,,2.04813199855084,97666.6951838749,105070.0,3.48,5137232.0
NOR,YR2015,2.17113665389527,,1.85733972643303,74809.9658049898,93440.0,4.3,5188607.0
NOR,YR2016,3.54999999999998,,1.16472423497285,70867.3609970749,81870.0,4.68,5234519.0
NOR,YR2017,1.87510059552554,0.771,2.46374628510146,76131.8384032764,76230.0,4.16,5276968.0
NOR,YR2018,2.76483134528788,0.76853483915329,0.828931484017275,82792.8427113304,80970.0,3.8,5311916.0
NOR,YR2019,2.16773003305402,,1.12374696436403,76430.5889473338,82430.0,3.69,5347896.0
NOR,YR2020,1.28658490708005,0.771051168441772,-1.2781717845226,68340.0181033702,78610.0,4.42,5379475.0
NOR,YR2021,3.48388055266678,,3.89839906700269,90655.3910229392,83190.0,4.37,5408320.0
NOR,YR2022,5.76412317852272,,3.27734549513814,106177.197179078,95520.0,3.171,5457127.0
POL,YR2003,0.682701375787681,,3.4983912134025,5701.63886301914,5500.0,19.37,38204570.0
POL,YR2004,3.38264681884691,,4.98284456986049,6681.30975087388,6260.0,19.07,38182222.0
POL,YR2005,2.18379872390258,,3.50683461435921,8021.54789037388,7330.0,17.75,38165445.0
POL,YR2006,1.28469394366408,,6.13113645855509,9035.53275810927,8420.0,13.84,38141267.0
POL,YR2007,2.45874312385402,,7.06153463356746,11254.3140875349,9930.0,9.6,38120560.0
POL,YR2008,4.16497193524764,,4.19998126444942,13995.7811598115,11940.0,7.12,38125759.0
POL,YR2009,3.79539242483406,,2.83218405318897,11525.9007370991,12490.0,8.17,38151603.0
POL,YR2010,2.58069370250543,0.701440930366516,2.93463818052832,12504.2501856093,12670.0,9.64,38042794.0
POL,YR2011,4.2394014962594,,5.04218788292943,13776.3883624327,12810.0,9.63,38063255.0
POL,YR2012,3.56037151702783,,1.54522157125609,13010.7555868425,13090.0,10.09,38063164.0
POL,YR2013,0.991982606332428,,0.85655708060645,13558.3411314221,13230.0,10.33,38040196.0
POL,YR2014,0.0538213132399802,,3.83695849351797,14181.9486817352,13470.0,8.99,38011735.0
POL,YR2015,-0.87412587412577,,4.38329863507276,12560.051419682,13250.0,7.5,37986412.0
POL,YR2016,-0.664767331433961,,2.95350884167718,12378.8117641782,12660.0,6.16,37970087.0
POL,YR2017,2.0759355367385,0.747,5.14001757409446,13815.4999463758,12690.0,4.89,37974826.0
POL,YR2018,1.81295156542679,0.760222196578979,5.94520847705498,15504.5089370714,14180.0,3.85,37974750.0
POL,YR2019,2.227478809383,,4.44998787878788,15700.0135796738,15330.0,3.28,37965475.0
POL,YR2020,3.37446972618589,0.753088593482971,-2.02007073357655,15816.8204021382,15300.0,3.16,37899070.0
POL,YR2021,5.05502704719272,,6.93498038387065,18050.2794441161,16910.0,3.36,37747124.0
POL,YR2022,14.4294507575758,,5.26036442513194,18688.0044867103,18900.0,2.602,36821749.0
PRT,YR2003,3.21899090682895,,-0.930521192623061,15797.7821340276,13290.0,6.13,10458821.0
PRT,YR2004,2.36536204097302,,1.78873568157121,18064.1580932987,16190.0,6.32,10483861.0
PRT,YR2005,2.27716394887834,,0.78184821592744,18780.12751241,18600.0,7.58,10503330.0
PRT,YR2006,3.1076654587105,,1.62503417629674,19839.4540499032,19410.0,7.65,10522288.0
PRT,YR2007,2.45396528138743,,2.50657964551773,22811.0564844365,20860.0,7.97,10542964.0
PRT,YR2008,2.58850657657959,,0.319247925063081,24949.0413566739,22640.0,7.55,10558177.0
PRT,YR2009,-0.835530021504157,,-3.12207942033321,23151.2154130712,22990.0,9.43,10568247.0
PRT,YR2010,1.40257289895369,0.742638409137726,1.73762547590566,22520.6423124045,23030.0,10.77,10573100.0
PRT,YR2011,3.65301100430724,,-1.69616478061504,23217.2954965207,22770.0,12.68,10557560.0
PRT,YR2012,2.77333854051586,,-4.05729360769561,20563.7136012629,21170.0,15.53,10514844.0
PRT,YR2013,0.274416666666663,,-0.922644674527888,21653.1959752225,21380.0,16.19,10457295.0
PRT,YR2014,-0.278153367467428,,0.792190301875365,22103.7009703321,21200.0,13.9,10401062.0
PRT,YR2015,0.48793862390472,,1.79204604555983,19250.1065376852,20460.0,12.45,10358076.0
PRT,YR2016,0.607397074641719,,2.01948539561312,19991.9724878805,19940.0,11.07,10325452.0
PRT,YR2017,1.36861411643472,0.776,3.5063452848124,21490.429863104,20060.0,8.87,10300300.0
PRT,YR2018,0.993715683468326,0.783440172672272,2.84932593436179,23562.5545228191,22060.0,6.99,10283822.0
PRT,YR2019,0.338178410046034,,2.68275992118076,23330.817288932,23200.0,6.46,10286263.0
PRT,YR2020,-0.0124383299575305,0.768949568271637,-8.3005165411776,22242.406417972,21850.0,6.8,10297081.0
PRT,YR2021,1.26565719069044,,5.73743721854339,24661.1664874576,23960.0,6.58,10361831.0
PRT,YR2022,7.83269124233323,,6.82751087594069,24515.2658507319,25950.0,5.781,10409704.0
SMR,YR2003,,,3.87296669248644,51198.4252583966,,,28601.0
SMR,YR2004,1.43083868527342,,4.5488441461596,59249.6476815729,,,29093.0
SMR,YR2005,1.68548890528348,,2.42510699001426,60520.7920361111,,,29508.0
SMR,YR2006,2.09525935611432,,3.83008356545962,63692.6167681957,,,29959.0
SMR,YR2007,2.49894575725803,,7.10932260228034,71970.0587250442,,,30372.0
SMR,YR2008,4.29320249287704,,-0.500939261114581,77962.1439875871,,,30700.0
SMR,YR2009,2.19959237046011,,-10.3209565764632,66200.6729727817,,,31059.0
SMR,YR2010,2.58541815582589,,-5.47368421052632,59516.3233988223,,,31608.0
SMR,YR2011,2.89979584300091,,-8.3147735708983,55815.2852611454,,,32495.0
SMR,YR2012,2.8273322422262,,-7.04453441295546,48433.5702995685,,,33132.0
SMR,YR2013,1.60439298078063,,-0.78397212543554,50435.3673298211,,,33285.0
SMR,YR2014,1.11296303373832,,-0.702370500438988,50133.6065243359,,,33389.0
SMR,YR2015,0.145686073240975,,2.29150556145005,42281.8112549264,,,33570.0
SMR,YR2016,0.573948019802681,,2.34440586406082,43398.4285257227,,,33834.0
SMR,YR2017,1.04597683468917,,0.258265466508817,44885.517837773,39740.0,,34056.0
SMR,YR2018,,,1.49390531809983,48464.5246477919,42250.0,,34156.0
SMR,YR2019,,,2.06568514501689,47287.3983948633,44390.0,,34178.0
SMR,YR2020,,,-6.64791081891327,45321.4892226161,41450.0,,34007.0
SMR,YR2021,,,8.46307184428878,54982.451714817,47120.0,,33745.0
SMR,YR2022,,,,,,,33660.0
SVK,YR2003,8.55414305406645,,5.49908307699157,8731.93736824381,6980.0,17.12,5373374.0
SVK,YR2004,7.54850088183423,,5.27888071780144,10691.4465495259,9060.0,18.6,5372280.0
SVK,YR2005,2.70908494588384,,6.62346125850533,11690.1134689407,11370.0,16.26,5372807.0
SVK,YR2006,4.48333120449611,,8.49317674533845,13170.7849804675,12950.0,13.37,5373054.0
SVK,YR2007,2.7567237163814,,10.8320288129653,16106.0604446695,14940.0,11.14,5374622.0
SVK,YR2008,4.59817976325028,,5.574886345113,18753.5849413816,17290.0,9.51,5379233.0
SVK,YR2009,1.61510464058238,,-5.45553286715979,16597.2084581361,17150.0,12.03,5386406.0
SVK,YR2010,0.957018132975143,0.678357720375061,6.71663274983085,16908.8479564876,17620.0,14.38,5391428.0
SVK,YR2011,3.9192859914629,,2.67145277909515,18509.7402157541,17590.0,13.62,5398384.0
SVK,YR2012,3.6061026352289,,1.31880224556281,17498.3539002594,17830.0,13.96,5407579.0
SVK,YR2013,1.40047368963025,,0.632740007294188,18276.0095516546,18270.0,14.22,5413393.0
SVK,YR2014,-0.0761653295419871,,2.69718980707125,18719.9881409371,18340.0,13.18,5418649.0
SVK,YR2015,-0.325219777427673,,5.16718160614154,16390.8821748507,17760.0,11.48,5423801.0
SVK,YR2016,-0.520010196278266,,1.94395086102337,16563.4404971229,16840.0,9.67,5430798.0
SVK,YR2017,1.31194588223228,0.694,2.93806867784903,17585.197002257,16670.0,8.13,5439232.0
SVK,YR2018,2.51403712883812,0.680050134658813,4.03038971425349,19486.3936845505,18400.0,6.54,5446771.0
SVK,YR2019,2.66456133425431,,2.51125619776377,19381.8905468746,19200.0,5.75,5454147.0
SVK,YR2020,1.93694126694223,0.664987325668335,-3.33549888710313,19552.0911095911,19250.0,6.69,5458827.0
SVK,YR2021,3.14960629921268,,4.78914645941862,21768.1486708026,20670.0,6.83,5447247.0
SVK,YR2022,12.7741463637611,,1.75044813974212,21256.8084273666,22070.0,6.094,5431752.0
SVN,YR2003,5.54416421752901,,2.96026028579455,14849.0372415032,12630.0,6.48,1995733.0
SVN,YR2004,3.59297594249509,,4.35919277843995,17233.1385611279,15610.0,6.01,1997012.0
SVN,YR2005,2.45150132316475,,3.79797264198646,18098.9085440003,18310.0,6.51,2000474.0
SVN,YR2006,2.45792444195865,,5.746396900645,19672.9655554146,19820.0,5.95,2006868.0
SVN,YR2007,3.65749563284099,,6.98016075450694,23817.8867320201,21800.0,4.82,2018122.0
SVN,YR2008,5.64742380573935,,3.50984151699558,27595.5999653992,24660.0,4.37,2021316.0
SVN,YR2009,0.839262246793887,,-7.54843779134178,24792.1279805504,24450.0,5.86,2039669.0
SVN,YR2010,1.80117022137134,0.752130031585693,1.34374847220215,23532.4808545468,24620.0,7.24,2048583.0
SVN,YR2011,1.8028517194191,,0.861327732719303,25128.0150431304,24630.0,8.17,2052843.0
SVN,YR2012,2.59741386039003,,-2.63943875676689,22641.805122503,23260.0,8.84,2057159.0
SVN,YR2013,1.76920085881907,,-1.02928277204056,23503.2824850255,23240.0,10.1,2059953.0
SVN,YR2014,0.19934382657075,,2.76815883065036,24247.1733184083,23620.0,9.67,2061980.0
SVN,YR2015,-0.525552285820877,,2.21008160650594,20890.1664304173,22270.0,8.96,2063531.0
SVN,YR2016,-0.054999541670474,,3.19185251782498,21678.3594670629,21790.0,8.0,2065042.0
SVN,YR2017,1.42910743319306,0.788,4.81538063231366,23514.0254604147,22140.0,6.56,2066388.0
SVN,YR2018,1.7386086198818,0.7886883020401,4.45436574721896,26123.7471277911,24650.0,5.11,2073894.0
SVN,YR2019,1.63052260754344,,3.52267923999254,26042.4463468032,26060.0,4.45,2088385.0
SVN,YR2020,-0.05485681576061,0.774986982345581,-4.24088372175214,25558.4290544506,25480.0,4.97,2102419.0
SVN,YR2021,1.9170650608926,,8.22849988578498,29331.0647010043,28370.0,4.74,2108079.0
SVN,YR2022,8.83369886749452,,2.46078331366104,28439.3340989687,29590.0,4.18,2111986.0
SWE,YR2003,1.92565534892391,,2.30981059032811,37321.7979047059,32750.0,5.55,8958229.0
SWE,YR2004,0.373659828721813,,4.33685615384474,42821.6731423358,39790.0,6.69,8993531.0
SWE,YR2005,0.453170852576182,,2.85880323990261,43437.0631164776,45770.0,7.49,9029572.0
SWE,YR2006,1.3602146862768,,4.66277355175126,46593.6021646111,49150.0,7.07,9080505.0
SWE,YR2007,2.21216883436735,,3.43922177600065,53700.0053363063,52310.0,6.16,9148092.0
SWE,YR2008,3.43704910602874,,-0.450559256743361,56152.552340314,55720.0,6.23,9219637.0
SWE,YR2009,-0.494460544377991,,-4.33979057452935,46946.9602719954,52640.0,8.35,9298515.0
SWE,YR2010,1.15798802715628,0.762113332748413,5.95210700755608,52869.0442891587,54630.0,8.61,9378126.0
SWE,YR2011,2.9611507382214,,3.1953332348894,60755.7595508465,56700.0,7.8,9449213.0
SWE,YR2012,0.888377506923638,,-0.588304568990736,58037.8213192173,59090.0,7.98,9519374.0
SWE,YR2013,-0.0442929701485858,,1.187775715906,61126.9431963979,61800.0,8.05,9600379.0
SWE,YR2014,-0.179638494114635,,2.65779827531642,60020.3604576572,61870.0,7.95,9696110.0
SWE,YR2015,-0.0467847449832812,,4.48928158790491,51545.4836095322,58440.0,7.43,9799186.0
SWE,YR2016,0.984269244577992,,2.07059315052096,51965.1571531985,54390.0,6.99,9923085.0
SWE,YR2017,1.79449904665589,0.8,2.56792452526476,53791.5087298403,53050.0,6.72,10057698.0
SWE,YR2018,1.95353530127028,0.802509963512421,1.95002284569983,54589.0603860606,55700.0,6.36,10175214.0
SWE,YR2019,1.78415097403835,,1.98619587380391,51939.4297445291,56470.0,6.83,10278887.0
SWE,YR2020,0.497367318853572,0.79535710811615,-2.17021317885872,52837.9039778149,54820.0,8.29,10353442.0
SWE,YR2021,2.16319736447153,,6.14702464708019,61417.6808766469,60700.0,8.72,10415811.0
SWE,YR2022,8.36929098869189,,2.83182849141977,56373.7885792007,63500.0,7.358,10486941.0
